,wallet,buy_amount,sell_amount,buy_volume,sell_volume,buy_times,sell_times,profit,profit_rate
0,0xd3fe8c111579753eed182c371bd713f78ab21a0b,0.0,15186.923934241031,0.0,7769.417273983818,0,28,7769.417273983818,0.0
1,0xdd977ba7ff1cdd98d1b3469d5ee97f59a3220f02,0.0,5677.731456967651,0.0,3373.6636395766773,0,15,3373.6636395766773,0.0
2,0x2b55043f3cfd5acf1e47937448d5105a7359c92f,0.0,5218.188052738608,0.0,1818.9142916899982,0,11,1818.9142916899982,0.0
3,0x5ef89488154a78be8724ed08403575346e02ffe6,0.0,3971.3921135825112,0.0,1720.3371811705813,0,12,1720.3371811705813,0.0
4,0x5e30d53136c38fd388392176dacd5821493b7564,0.0,3240.954226496294,0.0,1431.9023437685803,0,6,1431.9023437685803,0.0
5,0x9ff4fb8e3e174cb4e3859ec1a4d3c42051b278eb,0.0,11226.902885721462,0.0,1335.622017646595,0,25,1335.622017646595,0.0
6,0x86fbf937a5ed1fbb1f2f7464a19ea93fe1799f95,0.0,6594.037681104746,0.0,1201.64715865401,0,6,1201.64715865401,0.0
7,0x664f0be6ee945fbee2006b5bd659301c6a05d0b1,0.0,5792.821109185038,0.0,1134.7134866903618,0,14,1134.7134866903618,0.0
8,0x9875f7c1ea7527cf5f6981380eb2b6fc7b375f4b,0.0,3110.072915819769,0.0,1124.1723707965875,0,4,1124.1723707965875,0.0
9,0x4e3362b1b94d0d5ab16105cde2a86c18dd6a877f,0.0,3153.427866291532,0.0,1034.2921323613111,0,5,1034.2921323613111,0.0
10,0x957ee737c208b95d75fc091a4f42f7a5a5ade4fb,0.0,1246.2476900765423,0.0,873.1824383642071,0,1,873.1824383642071,0.0
11,0x70956ce33a120438a4bfe0489b2b17640ed0d904,0.0,4871.899089518725,0.0,870.2535616298651,0,3,870.2535616298651,0.0
12,0x0005f992eec9ad03160a4ebbe48ef972dfd5a49a,0.0,1995.5086572393093,0.0,853.8548030167866,0,4,853.8548030167866,0.0
13,0xd07f92993e34205955302f0c3a290c86fc7268a6,0.0,4301.04501606459,0.0,850.5735418873546,0,6,850.5735418873546,0.0
14,0x02dd5831505903fa16bcf4b80ff4bda679cae4f9,0.0,2036.5929913728878,0.0,830.6494988062552,0,4,830.6494988062552,0.0
15,0x406d4b7ec68708b12ef2cbb0ae64e413516c89f5,0.0,3381.1662010118416,0.0,815.6843882326295,0,6,815.6843882326295,0.0
16,0x738ad98ddfac25693dbdccc9ce9ae83f5ad8820d,0.0,2882.983917832772,0.0,810.4409044853136,0,4,810.4409044853136,0.0
17,0xb6052404331f4db5b7514f9f680255947bbdb410,0.0,1061.8749628519931,0.0,782.8659167949529,0,1,782.8659167949529,0.0
18,0x4936d553710e2f5ff813489c5fd9239d19d3508a,0.0,944.1334623399779,0.0,779.9780162144971,0,1,779.9780162144971,0.0
19,0xa68ac1097ae6ebd29728b1df92a767b6c43965ee,0.0,1512.5442354394531,0.0,762.1487568987361,0,3,762.1487568987361,0.0
20,0xa7d8bcbc1b0f84649245ed55dd61cfcf168359c1,0.0,2331.5252120318064,0.0,746.4335384471883,0,3,746.4335384471883,0.0
21,0x310097fe0d71b4c517cdab57100b9cbf8499852e,2748.4406679921976,2666.60584710273,468.3142185146257,1193.0094338992687,4,4,725.6314672819504,1.549454273635915
22,0xd7b4d7aa74e82e515a0cab08a5610140f503fe18,0.0,2703.811806001788,0.0,693.0781259697786,0,5,693.0781259697786,0.0
23,0x8b91f945e11b1dbb41dc30b5da532ef6801b4e26,0.0,9064.019523410752,0.0,649.1031011740179,0,6,649.1031011740179,0.0
24,0xd2379d2ea3902a58150e5ea6596ce0e931f071e9,0.0,2359.6829137335953,0.0,633.2418237436952,0,5,633.2418237436952,0.0
25,0x7bf783913a42a467b35ad54080119169ab573bd4,0.0,3495.681717818762,0.0,583.7964110185338,0,11,583.7964110185338,0.0
26,0xfeee0e5294d82ed34152addbd4704cd333985840,0.0,2119.961032004668,0.0,569.0758669262214,0,4,569.0758669262214,0.0
27,0xac5ac95ccd74dfe1f3d6279ddbb8f1c866d1ccac,0.0,4627.436980464621,0.0,539.0533679682746,0,6,539.0533679682746,0.0
28,0xde30e55fcdd1a6b429de56d27229877414e6ea6a,0.0,1310.6097398409079,0.0,503.97897503384314,0,4,503.97897503384314,0.0
29,0xc91208e27b3edb5dea8b746b5671014148fe8275,2305.2795225737223,3482.5140510048864,1031.8934759400372,1533.929089632303,20,23,502.03561369226577,0.4865188368740484
30,0x89f76c1534be2f97245026f74ebec7b17406c578,0.0,2635.1128467066346,0.0,460.1007414152124,0,4,460.1007414152124,0.0
31,0xce7205aac1701d5b3be4bce9fe606815206e7273,1600.9663362001738,1583.9771084899057,597.3994906247797,1035.2534186460155,2,3,438.04829756349955,0.7332585722585309
32,0x2cec625b0d3fbd472c64bfa92ae44d47dd4807af,0.0,1391.6413435745944,0.0,437.6420924813549,0,5,437.6420924813549,0.0
33,0x6634c3ab0f37bdf76d4058b0ddced0268b39bc30,1106.7910535085384,1063.682641839092,38.02739282110654,460.5221595859948,2,2,422.987959415361,11.123243747086121
34,0xde91c80a97f1169516248e66d1d83f4f550dbb92,0.0,880.2339008390884,0.0,409.55700420762184,0,2,409.55700420762184,0.0
35,0xcb5f8a4e5a998499cf7ae29a84a7e13427ff0cab,0.0,1072.1800008944247,0.0,397.59554846255116,0,2,397.59554846255116,0.0
36,0x185e027fef74f847fb0ba68e3b53cbfdc0e18ae0,0.0,2249.4956136728797,0.0,376.1891883395266,0,4,376.1891883395266,0.0
37,0xf78548eaefc0e96283f3f98565d7fe55dc92203d,0.0,1134.7501229681488,0.0,350.3261065694573,0,3,350.3261065694573,0.0
38,0xbaa1b026c6e9e656157c869f79065975902b1e38,0.0,491.14184376045273,0.0,345.6272679732134,0,1,345.6272679732134,0.0
39,0xbe46cd6408552926822ef35357e02610436277c4,0.0,1004.9154739101838,0.0,343.7888238583429,0,4,343.7888238583429,0.0
40,0x72574603a87e13cf4ffc33f57b867940839c3e1f,0.0,1061.8766108539346,0.0,336.6274139388218,0,4,336.6274139388218,0.0
41,0xc2ced9d230bcdaad0349795926994e45a9cedeba,0.0,2285.0994521512093,0.0,330.1735164952414,0,3,330.1735164952414,0.0
42,0x3b224f5304a6aac8cabe98c1cfad730b9da0c92d,1676.0023797183565,1626.0994088622426,239.12787113042378,565.7984982897733,4,4,327.24155467696977,1.3684793542885996
43,0x566a9ea1569bcc1077646f25ccf71481b186ec0d,0.0,1140.7575383964872,0.0,327.194955782489,0,3,327.194955782489,0.0
44,0xfee38d5a07f2b8d05494277a3d15da14d0f3457d,0.0,510.6703435861012,0.0,324.6606737542718,0,3,324.6606737542718,0.0
45,0x6d6717b9c36029960804cb40bd7232612d3bf889,0.0,1155.051160414935,0.0,320.21304364741536,0,2,320.21304364741536,0.0
46,0x5202a0c705c8e6bafdc30cdf478755d75a7a85b6,0.0,880.4476591032401,0.0,318.03995520061534,0,2,318.03995520061534,0.0
47,0xc1db1dc8c1ddbe7524abd194ebc7c48a8b0ebc88,0.0,755.8759098208174,0.0,314.4597164991859,0,2,314.4597164991859,0.0
48,0x6aa41fb389f9fea2e662144ad99701d2150c14a4,0.0,2970.7381911962816,0.0,314.0746105394669,0,4,314.0746105394669,0.0
49,0x104e71cd5a6f6f6feeff9a00e8feb1d6ac5e3b05,0.0,767.6825920875501,0.0,312.98782984106424,0,4,312.98782984106424,0.0
50,0x766b11368eeaa5b0364b01047a67b225d59e7302,0.0,515.4109464704576,0.0,300.4651009700933,0,1,300.4651009700933,0.0
51,0x7f47fcdf3a970251a51ad58bd888796752630339,0.0,1747.3476704259533,0.0,300.0452746189796,0,4,300.0452746189796,0.0
52,0xb605ca06dccb458ed46a290761f4cb0aeb6d5189,0.0,1780.1650650452616,0.0,290.86249303324075,0,4,290.86249303324075,0.0
53,0xdac8e20c030fe3e1a07a22c5388490bcc4236fa4,0.0,1302.3010241877976,0.0,288.94411226760866,0,3,288.94411226760866,0.0
54,0x0376b900565a0c435cfdf0a291c3db064dbabb3f,365.2948061705117,431.1476056240699,42.35842163688876,327.4475640586984,4,4,285.08914242180964,6.730400506083388
55,0x06288911e0d0245f3cbc10e64a29e4c7631ac201,1332.0,1292.3397,241.1639974442664,517.5898408715738,4,3,276.87958708702575,1.148096689477928
56,0x32346f7745ce47d80f3c2e67c176e486c9354db0,0.0,1373.4385149979523,0.0,274.89192880593856,0,2,274.89192880593856,0.0
57,0x9604b792fa76851a401200a1904ba44b7e30a522,2676.9042728102395,2710.7338778355934,207.62684277978545,481.9349625304229,16,15,274.3081197506375,1.3211592300788197
58,0xf4975281c2859b7efb79591d2574399a4f84a5d9,0.0,978.8105515393904,0.0,272.6546430002653,0,3,272.6546430002653,0.0
59,0x055f3a31b9ec8420d23784f8588a278c700f1697,0.0,1790.9191975364588,0.0,256.59606211655904,0,3,256.59606211655904,0.0
60,0x34b30e3a37034fd081b0cae312b9695929d63fcc,0.0,1009.6257260210414,0.0,238.09571544988384,0,1,238.09571544988384,0.0
61,0xa5d1977bb1dbb37d34be598250eb2ef64077edfe,3194.4403358655477,3184.3360041092674,740.5157809015765,978.4618011221198,22,13,238.06162137510108,0.32148082122606697
62,0x977e377117babad8b7fc7dd867460ad232273d7a,0.0,2843.5183478290587,0.0,234.89225879491715,0,2,234.89225879491715,0.0
63,0x6487c13dec75a0d36415938894136d10701a8687,0.0,2756.567093870756,0.0,234.8379697451651,0,2,234.8379697451651,0.0
64,0x99956fd8b3c026c77f2a3104c953c06770f9ca71,0.0,934.3784034973085,0.0,228.31762010742148,0,1,228.31762010742148,0.0
65,0x132809076897e7c8c8976f7fce390fe5b7c34c80,0.0,916.2047422848145,0.0,228.25727639275902,0,1,228.25727639275902,0.0
66,0x48a4b41d61c566a69c78dbeb8a22df506736c74d,0.0,814.9885388483715,0.0,227.61012344129202,0,1,227.61012344129202,0.0
67,0xe1e3835078ad69a4d6670bb85ffde5b32a416815,0.0,1661.224529312697,0.0,225.2493946003178,0,4,225.2493946003178,0.0
68,0xad725195f564571cfddf3a5c437bbb296c495955,0.0,1347.9348730355289,0.0,216.3815662582767,0,4,216.3815662582767,0.0
69,0x7ceb7d962ee7e9fa539bbf98bb07b1fb0dd3e417,0.0,1484.276666397127,0.0,216.35003920385972,0,6,216.35003920385972,0.0
70,0x6dd8de604d25c0c8676a678fc071ad0902608ef4,1385.4732307669549,2243.691298751164,129.66515060122958,337.39970900984395,12,6,207.73455840861436,1.602084734760216
71,0x2d5d4d5f5d51873b73024a9f1e7dc45fcdc4cdf4,378.56777560895665,373.8421351557451,24.127657007450825,231.18222688940523,1,2,207.1086347627988,8.58386849161698
72,0x3931445bf9a6e543415be8d860d63aa83bbfa29c,0.0,262.27665149907574,0.0,197.44776422334212,0,1,197.44776422334212,0.0
73,0xf22bb472fd7a7784b8112efc02642382a35b47ea,0.0,2765.3739646723484,0.0,178.63038266884186,0,4,178.63038266884186,0.0
74,0xbc98b54f7ad402cd4368caa06882dd5d118a52e4,3080.306536041444,3106.3428157611456,359.61216377700896,536.8336528261837,7,9,177.22148904917472,0.49281283254664204
75,0xcf1b2f2ff0f6989126fb8480e3b33d5d5f29bfcc,2819.961466740116,2767.9677134191998,179.96407970785145,352.1931046264795,5,3,172.82387256008133,0.9603242649346395
76,0x846a5d8e8c67f8085841fbd695a6c0d5bb1fb415,0.0,2611.8827586587777,0.0,167.76947904880868,0,2,167.76947904880868,0.0
77,0xa81b48e7ad208b2e76d482f480b839a135f77d6a,2090.000873783455,2022.1412552850177,86.2104843638719,249.90317402062593,3,3,164.46905472823804,1.9077616364392198
78,0xc93adedef5e647c1bf50d72e09e130ae0c4b5e35,505.7866208401051,455.8528366976657,22.59936271221758,184.2283362781128,2,1,162.2002536106851,7.177204759096903
79,0xb40d85c74665589e82de953c2905314525a6d3b4,0.0,531.339243407257,0.0,161.32348765487916,0,3,161.32348765487916,0.0
80,0xdf6bbc5e055cc9707698d5df53031e53c5b81f99,0.0,2396.6947733265997,0.0,156.24754660439328,0,4,156.24754660439328,0.0
81,0x92b30a0fb6e1d23e2dd9ef3db662cc5de4259256,0.0,1029.7912638870039,0.0,151.13927387335502,0,4,151.13927387335502,0.0
82,0x6c7f293b0998c5de48ae79c468879961c8c5209c,295.3923904240497,298.61626537387673,4.2385916900099785,155.28746105214123,1,3,151.04886936213126,35.63656997632996
83,0xad95e86ec3e0efe3c06ce606afe9948198b73a33,583.9347595494283,612.9540603289119,81.08018899526287,232.09036370739557,2,5,151.0101747121327,1.8624793131766813
84,0x7f2aaf6cc9a9e5a66d4f638c347a94e51661b0fd,3247.4820301634827,3251.1849074230445,2306.665816164181,2452.9043682102365,3,6,146.23855204605624,0.06339823958081645
85,0xcd458287e38794ae0d91a4837a9cebe13e5574c1,0.0,413.95080899742663,0.0,145.83937136327876,0,1,145.83937136327876,0.0
86,0x703cf27cf00df949299eb47f12f96df366d4e0c0,0.0,238.70021317788422,0.0,143.51753368019953,0,1,143.51753368019953,0.0
87,0x00ac30a1fbec2fbf6b308d67391fa03133d8e653,439.83328065938053,396.4107400262832,15.06410195532224,153.24085441868405,2,1,138.67353898542882,9.205562959990099
88,0x734b16ad50244fdd700fd322fa73dcfa9d717236,277.1280178382752,284.8265595704505,15.06500500735013,146.88342362150325,1,2,131.81841861415313,8.749975094587732
89,0x1095b2d0265097f696f02f4345e6dde3c27f0bca,2493.910011125254,2385.178840544,101.33891389029166,230.88135214691988,4,1,130.78640462261652,1.2905842346426208
90,0x092378041aa3d8ce6989e8806029f03b929b25db,734.0898698078888,683.8685867851868,62.998662071610134,191.685996368244,5,4,129.2619035448361,2.0518198211559637
91,0x46d89cf4ded17fccd94a67efcf9f68e6a52275fc,257.57475546360234,249.20499999999998,30.274062552603507,158.6971921338245,1,1,128.51888587845028,4.245181354670812
92,0x0df59c70e092bae64630cb50fc40ddf97ade4f0c,2024.0830875396316,1984.2414502130746,206.2787252905367,332.32531450530496,13,13,126.50240750988273,0.6132595949083373
93,0xc79514eaff1e63815fb1d331af5c525ab3e81305,1598.0996954714583,1550.5162770387958,166.57300858632226,289.6850065400996,3,2,123.65638804718432,0.7423554938260152
94,0x788931f65d33ee59754de3db4cc529673c3804ab,2618.726339800326,2571.2432714894708,317.44212104485507,440.10016670518814,9,14,123.20128767287528,0.38810630192162415
95,0xe9ac8464e683a765219cef1107f880a7c72f2a74,747.0497734425235,795.1518339012302,380.591537466917,500.81297675462184,4,6,120.22143928770484,0.31588048459473467
96,0x0d4e52fdeb7213781aec76d1bc44272b8b96bc6d,395.5532341273181,558.2768511357914,60.490215218133415,179.65745789665786,2,14,119.16724267852445,1.970025106520057
97,0x93c86742df4466decdbf0ce7d5c7f690d599c08a,526.8217569834733,511.1356391692903,73.43188275299538,188.76831537942857,1,1,115.51589361144293,1.5731027079886617
98,0x28cd183e595f46f2938079eaffd7b3b7cf6bc288,277.5454400100679,312.1014213092902,47.77382777204386,162.50968613400124,1,2,114.73585836195738,2.4016467533107773
99,0xdb892ff866bc50908e085071121f3864f12880a8,1012.3885679281304,982.2446983180705,130.3525016296115,243.43428941480062,2,2,113.42665632412962,0.8701532759718289
100,0x1d50ae61f7689fc1763a9eff00a9f70d309c3b6d,0.0,177.09723119539296,0.0,110.71339963665949,0,2,110.71339963665949,0.0
101,0xd76bc352cc8db7cffbca315112743bfa290c9ba4,0.0,1785.7085454257156,0.0,107.12966429837728,0,4,107.12966429837728,0.0
102,0x414cbc5d0d89d1bc4f92509665e7a60852751269,0.0,1206.625,0.0,104.41378684484056,0,1,104.41378684484056,0.0
103,0x1ca4df2a440440aa0f5e6c6c8de37f7f5c447631,246.40991733119614,239.07306204265979,30.275952149842514,132.81496848065373,1,1,102.6229554732142,3.389586394023549
104,0x2a8c1b20f79a2b1400de28854cb63769108424e9,0.0,156.8836361677245,0.0,102.5169363711528,0,1,102.5169363711528,0.0
105,0xab58a73c9ce59a579b1152a7024c437549406770,0.0,876.117482063014,0.0,101.81070248192358,0,4,101.81070248192358,0.0
106,0x650642465d202fb05a8dbfda81548fbf6d01c5b1,0.0,899.086917329537,0.0,98.68610295287151,0,2,98.68610295287151,0.0
107,0x479fe66eb1517cb2840d20f506862a707ee86835,896.3169215906587,869.6290852502968,409.017004777456,501.09449646197965,3,3,92.3828206036454,0.22586547631170104
108,0x824a6d7e761d518684da641ae4a608853e3fa124,0.0,398.4586727302709,0.0,91.57151728309066,0,4,91.57151728309066,0.0
109,0x646f8c15d14b0e245c1f45f3e6cc8565160d0feb,390.5538819186414,388.8519489963371,7.252524174555038,98.61504784438849,2,3,91.38199506245432,12.600026261623713
110,0x15a998bb6e84ff5ad15dfae60e807c864550aab7,2557.559672898639,2530.6073570398607,120.90219310084316,205.1275358107089,5,4,84.53369747358788,0.6991907698736223
111,0xf000116d61a11ee15cc25ae56f03623539abbf6f,1448.1093658976167,1404.991909528015,540.3782713894982,623.2447730748434,9,7,83.35979781398984,0.15426193506937866
112,0xf769933a9329f605108f86f8a3cb8727a96cba1d,2878.6745729691397,2941.225658145899,644.8336445253655,727.4786916765681,18,22,82.64504715120268,0.1281649117611321
113,0x52d7b9e20c618513daeb19df26c3200702bca717,0.0,1748.1830029140758,0.0,82.6408505777559,0,3,82.6408505777559,0.0
114,0xaf59b2a727e5a0b4d29d5e80d82765c457b6bb70,589.2797969460279,571.3,292.8723720111318,375.17095971910516,1,1,82.5042901072816,0.2817073168791275
115,0x865bf31e1864dbb7ec3885590db8156a11bdd3b8,527.0332270434182,475.0018717035568,7.252070143440776,88.95982904684142,2,1,82.30303674023038,11.348902466790172
116,0x226d3838c64da5cc5615aa4f40124618c9929018,307.7731631528589,381.8076462157524,101.87609398520067,182.43139745479704,10,5,80.55530346959634,0.7907184140893588
117,0xbf0a4858fafab5d5e29b08da22c1507ad26f2fab,0.0,606.7214234019747,0.0,79.22857885753497,0,2,79.22857885753497,0.0
118,0x3054dd2a3fabdae47016dc7fa97eb72959b3f71e,456.9378360546634,411.72999999999996,21.10311320177648,98.1270364300596,3,1,77.5411348726578,3.6743931632859894
119,0x3285c606767817a17e23a6690811516ceee67af8,370.39252239135294,359.3640850371504,34.838532992939676,111.15824363016705,2,2,76.44588425482661,2.1942911393633886
120,0xe4f2bff79ad6d999ec9103423a20f2af8345cdb6,349.7545136104937,315.2,15.065969408033428,88.83058914759835,1,1,74.15994936302756,4.922348330502001
121,0xeb737969618af72183b66b3a961af2da05ef8a62,4595.484221020438,4276.557357185764,45.19159832143888,115.57352541192111,15,23,74.03069027126666,1.6381516259881104
122,0x2fe77cf69c924c1bbd25b2ce177b9446ceb6edc3,678.9631218093518,658.7469948574783,95.96046425149552,166.88380981932602,12,12,71.15463326430468,0.7414994687585179
123,0x4d589c77bf9e065f5eec2cbfa0f37540646e6b33,4850.121915845593,4776.280937017168,641.4969349834851,711.3840033710514,7,6,70.73186471968698,0.11026064328975778
124,0xbab110279e908948556fe080b21810139a3d87c9,362.24291553798037,366.22285652649043,18.087997088813054,85.54723964285662,2,3,67.45924255404357,3.7295031740006923
125,0x2ef79d26c1a90e7b2e94ce3a0b73cac8db09ef23,148.47552495187972,175.755147898352,25.673216095995468,92.47792388205002,4,4,66.80470778605455,2.602116833990067
126,0x22130fd83b838ccda3cb6f71fd9259b9e505bb5a,2886.4671716361577,2800.5226116006907,347.1739045262423,412.91890520327183,5,5,66.72827108101994,0.19220416687734102
127,0x107688ded81ca18ebc24be9b90c30fdbe7f2d8a5,285.865525669336,257.64345164763085,7.25252952617717,73.26129490175002,2,1,66.33164712763859,9.146001665794278
128,0x069e07e2fd73e606a8bc1b1dd694941142de928f,0.0,972.4781654709113,0.0,66.07841589882287,0,7,66.07841589882287,0.0
129,0x6207bf7c6bd6c65290924d55d9a633c5571c8b27,0.0,882.7611746826148,0.0,64.49889695217806,0,2,64.49889695217806,0.0
130,0x5b9881f35166192d78ee36fa9a4c0c734436a64f,1526.5922186850655,1521.138708923044,999.5727048371183,1061.872154426184,1,2,62.36184184221872,0.06238850014655079
131,0x3e1509a49fedf1066d5508ef17936c28abf70231,0.0,591.240892771266,0.0,61.03542727077361,0,2,61.03542727077361,0.0
132,0x87b9b0ad5841cdc91583cbd4cc18078135bf3d58,289.94564284838566,404.68825267802197,4.2385916900099785,63.93518454781686,1,3,59.696592857806884,14.084063109571742
133,0x4bc198adde1381c86ea6c48c27cafd692ec12a01,0.0,240.1557655764831,0.0,58.8622516411204,0,1,58.8622516411204,0.0
134,0xa226dc7c79e5336a16cbde879a6cc2799e3983e0,790.9395302451467,826.4148329799813,225.85505685896365,284.4334324682963,8,9,58.57837560933265,0.25936269226821973
135,0x13854743837a8646d9095821c349588853e13fd2,71.39909999999999,101.25772477019362,12.103891650168148,70.23544503550524,1,3,58.131553385337085,4.802715941738418
136,0xf8949016cf41107a83863acd9c9d4024e5e19ea7,0.0,758.7201968662512,0.0,55.83832785563986,0,2,55.83832785563986,0.0
137,0x940e0ab4b439449baf92779be1344a58adad0862,2961.5065018093633,2889.7268052873123,258.4896936968813,312.0570766510416,12,10,54.3885966664467,0.21040914973664537
138,0x370dc404488de0c4a5f0ee35d31278528dae0662,1647.931149804457,1567.1071487443055,85.99593953131563,139.06284129784171,2,3,53.991589124768936,0.6278388191236375
139,0x8d4855199cbb032c9bae0f518b4601be8678210d,45.99694406028229,155.48913056148913,25.45625812992422,79.08723160034545,4,6,53.630973470421225,2.1067893480926485
140,0xf7eb42f07f06c389872cf9569328cbde435d21ff,113.8241790126251,149.25096746785314,44.96339492147098,97.69915823591487,1,2,52.735763314443886,1.1728599098566161
141,0xc7eb408c44c96e8aacfadfb59a8f19ca639d55bd,1201.3055360634426,1165.5366637271534,316.48988797299495,368.14111051173927,7,5,52.06044533932498,0.16449323443713668
142,0x8ba2288b0bc40d8adb3424a1abcb703c38c02534,157.2856688564683,238.34059037467853,79.41734914385964,131.22675755401448,9,7,51.80940841015485,0.6523688963264853
143,0xd7270f3008126f2dfe85c9219831b15813d2bf7c,502.2576614648642,497.52065765196323,15.121753767985687,66.456009221316,2,3,51.388450339555725,3.398312862913452
144,0x91dc5210ac499d2aa0e95ff8eca9f8271a620731,300.99413880208994,414.3932515237559,4.2385916900099785,54.358364314231146,1,4,50.11977262422117,11.824628624254954
145,0x84fc9a2af630cc1717877f2b47e60ec65bd0c653,1065.6134023801446,1033.8847633242758,299.9655288241433,348.31668842620115,10,10,48.71415909533192,0.16239919062130273
146,0x9e5092596ad61889a1971bc11a45f36c08cd9f38,0.0,920.8603859335026,0.0,47.4927251348118,0,2,47.4927251348118,0.0
147,0x6f31bbdfaf8c132d48d21e7027943212025aa2e6,411.5183832987425,370.89123090757414,7.252524174555038,50.87427600514232,2,1,44.08655700881102,6.078788011970446
148,0x9fb3067dbca20595a2d4d9703f8b855924069346,1053.9251349317365,988.0695140391438,91.33351677391947,133.05782251461792,2,2,42.47774357240506,0.46508384953085147
149,0x1e17522195d2f04c71f05a74402d09a72a7aa3ae,2137.6679258242616,2111.199124674581,315.5439454194053,357.5096604818889,5,9,42.26853805429191,0.13395452097206514
150,0xfdb7149e27d7e43dd668d72dc9dc1ae69c8297f0,427.63124468718075,450.2746033378874,81.43113667361763,123.60463758749492,3,5,42.173500913877305,0.517903871131162
151,0x47fededcbe12b7bcac5e2707ce19729db8d8dda4,312.68668060669086,468.12953833964616,4.2385916900099785,46.23284276707342,1,5,41.994251077063446,9.907595293040501
152,0x824bab50580cb480534893afef7b8e0d0b256111,2623.3859444992195,2545.2746280017554,714.3717177357008,755.1981343095788,29,12,41.72006878056782,0.058401064522550394
153,0xca3cf840affbfc2f6c8886958c61c3089e2fdfca,364.029482689087,418.1950163917603,18.203839092654743,59.64962371922394,2,4,41.44578462656919,2.2767606555747126
154,0x2eb089d3a2c528e4b0108c26ec6b25b1e5b493f5,269.0921181677717,261.0799003493263,40.84688196127152,81.27443196468579,2,3,40.51921580108606,0.9919781842712956
155,0x49f7e9af964863b6a4a2f3a41dc4ce801e038d2c,122.2968224661055,155.03799751997826,26.519533577850677,64.41842722237153,2,6,37.898893644520854,1.4290935220736427
156,0xc690d06446cc4e256c7b071849e402f7644ed02e,82.85824041280455,80.3911363045133,9.08612982949166,46.297337442080654,1,1,37.239433139047506,4.0984922995680915
157,0x67800043e3c23b91f4ac121dac1a0426b33da91f,354.3604481690394,326.8616502850442,30.204800145246388,66.75212269250441,4,1,36.861929476346845,1.2203997145847083
158,0x7e4f134f5dddd5a16df8f46e045f395d6b79f48d,4169.773396719045,4118.7845765936445,172.30700468481598,208.57686914980087,6,6,36.85321491489132,0.2138811186597041
159,0xd76b3bdc5b50c0085b37f41daf262b22b732c071,94.95204909414842,92.12485183237015,13.625781456548102,50.40580688219672,1,1,36.812370688601874,2.701670418389916
160,0xb2738e9b0f38b604c665329c917f74283f5f87cf,419.2256148598878,508.10499999999996,3.162856816265018,39.452990414083175,1,2,36.290133597818155,11.473846495736334
161,0xc2d9f3aae0e01ec04a30d4c00655c471fcc9a7c1,3158.2874233336856,3220.4175477505255,168.01431953909147,203.92670883366063,11,11,35.91238929456915,0.2137460032757119
162,0x42c881215b348ede2847f7298605d156263ab167,191.32456806780803,231.78676740841206,120.2653596899893,155.68643276065728,2,3,35.42107307066799,0.294524318240711
163,0x92c37272107d51cb63ac69a78f23b59286db51f4,1202.9890112812745,1171.5298706198491,33.45842877630726,67.60479173854954,2,3,34.50627919119948,1.0313179803480261
164,0x422f7994b7efd77079bb020fc832fc0cd73211c4,264.65373098367394,256.77366614363496,63.19928777565905,97.45286096975306,6,3,34.343727062303216,0.5434195268816078
165,0x15b92d0c54e60e880ed5b9b9de01c0bc2d8d0872,538.4177362481809,485.26244523707925,35.03308093281796,68.68954397336458,2,1,34.26459954674488,0.978064122092294
166,0xdc33fc21dda050ee38dea0d71a1c0fac4149c0d3,441.78166476409416,428.62761569574326,51.372078822306676,84.38462179691378,2,3,33.16303518884626,0.6455459064359739
167,0x184c60704cc4e6a62ea040d2e79885cd814705d6,410.9967526003587,398.759324291683,47.51272194881828,80.46487096426839,2,3,33.09215439882643,0.6964903933408405
168,0x17fd95f2274b045a9fd5990e1c9a9adc30f12a74,755.1458725940972,767.3561690760852,102.43786573261062,135.3397562491393,1,2,32.90189051652868,0.3211887545803731
169,0x82bf519afddf2cfca8201242965d00b960607ec0,0.0,254.4256305754244,0.0,32.56912201068492,0,2,32.56912201068492,0.0
170,0xe70bfc870f0883f7de5aaad1154c8c8cc24f8832,435.84401527617035,522.13,3.162856816265018,35.520465489769904,1,2,32.357608673504885,10.230500636989195
171,0x7389f3211a54fa04240e3c8b7a13ca06fd232422,0.0,210.0443603094535,0.0,32.340986434526485,0,2,32.340986434526485,0.0
172,0x9081c6ca0af2b4fc065b8a0341804f831adb0c9d,132.39451832488652,128.45247154176303,34.72508729826204,66.60252566514907,5,3,31.922538346820524,0.9192932496506127
173,0x5596c872bd09b9e1609eae70466d5653f0bbb0d1,5233.851459946346,5213.108318934553,402.60009830298515,434.10897998108925,18,8,31.7461988117805,0.07885293358246831
174,0xd0de00fb3484729d4daec2cd4a1961cf8e000092,315.19306918128456,283.67999999999995,6.025395843421371,37.21531765841009,1,1,31.550455026771687,5.236246023772697
175,0xab63fa0b1525930d70eb0d3283227b031dd076d5,0.0,108.62952464461146,0.0,31.41305120275021,0,1,31.41305120275021,0.0
176,0x646a2b2ec36fe4ebb48537b09bd5544d690ab91d,115.87248229970398,140.40842292006917,9.04176897744561,40.21652517780985,1,2,31.17475620036424,3.4478602890793413
177,0x5eb5d4f558df7355b4cd5fef13fbd417bdad07a6,367.1657594820225,337.855,32.94275427004407,63.10415903969567,2,2,30.496741902161922,0.9257496095247146
178,0xce515208f3a9374068b4fbb690c085701ef4b224,288.0536567724712,259.05499999999995,6.025395843421371,36.02966188872368,1,1,30.336032488089167,5.034695358846932
179,0x75f9e77f594bf95c123c10e32aa45f17581da7e5,499.4796502985912,516.2760910579228,208.10993449023388,238.44142490828128,4,5,30.331490418047387,0.14574744109330723
180,0xd0fe1309b6c214a0f9f15e2fbd0ad13662c94fbe,427.41363809366396,515.585,3.162856816265018,33.458400397750836,1,2,30.295543581485816,9.578537803447418
181,0x3aac8ebaf9e88291dfc5bdc9c14e437a19686ad6,156.49408441499864,141.04420593112792,6.025640782128896,35.62255783578254,1,3,29.77367528305373,4.941163331766768
182,0x82686b81fc37f00edfb0df25f05dec3b6fe576d6,294.4999360884629,264.965,6.025395843421371,35.05880362424135,1,1,29.37130966230673,4.874585906978182
183,0x958bf637c713ef2c20f4424c5f6336587238a1f8,1596.7662427293192,1570.1228129300407,75.51919412046468,104.37891453265172,3,3,29.164541287081466,0.3861871359559208
184,0x951ee450d60e2f5ac904137a4da353caaf3216d6,68.67551912156495,66.63070553972034,10.012381124085387,38.87498827915859,1,2,28.886001360312907,2.8850281468836507
185,0x43f4c396141d1e66ac06ba4f7d806e1fcba064e0,0.0,205.0005336548281,0.0,28.864768013820548,0,2,28.864768013820548,0.0
186,0xc0a7eefe35106cec35934fbf62f896b3a92c4191,330.22488008929173,297.46999999999997,6.025395843421371,33.20948128071284,1,1,27.55882589980319,4.573778489572994
187,0x43e9a5cb6e17f96a4696426113d54b0d0abb1665,0.0,577.7625,0.0,27.1921627559355,0,2,27.1921627559355,0.0
188,0xbbd7f281dca9e8d2e3249647af5fda9c56d79d7f,598.1667586264618,710.8445811523941,68.89208019631702,95.65853754623569,6,7,26.76645734991866,0.3885273499311405
189,0xe48c6fb9e9a9eb2a9644b2a41c6f80ba1d9f1206,0.0,164.73323676690896,0.0,26.664446161477194,0,2,26.664446161477194,0.0
190,0x81d86b10d444caec671a0c9e6359bc7b1e8d25a1,1546.2616996447882,2675.036182537864,134.8819658967674,161.3214476189172,13,3,26.439481722149793,0.19601939774799385
191,0x310cdc46c54409463a22b700bfeb39ca759cde83,0.0,329.85699459016695,0.0,26.434641799709656,0,2,26.434641799709656,0.0
192,0x42f446852d8836220a1048114b9028f74a96e658,220.97721977907116,213.56221369794278,103.36117282638406,129.52096604724142,4,4,26.244626467103217,0.2539118486124994
193,0x7cd7e4c5a3419f4a70e6efa11c1d9da0cb6ca2b8,453.4709652667568,387.09,3.162856816265018,28.45543153281774,1,1,26.052022883000777,8.236864454005008
194,0x589e9575301b4ecd6465b1b3ab7d1a7cc90311fc,255.66590316340327,248.05345089671295,92.93823432573005,118.85023724563285,6,4,25.999095099006848,0.2797459548013919
195,0xd93e8080eb6d2b861d139753c4be9406cb7e6b5b,301.1651479240674,270.875,6.025395843421371,31.59420738433803,1,1,25.91535361378244,4.3010209266296195
196,0x0d4acda2503b68e8580cc4b825e7c57a0bb2afc3,981.8795771468298,952.644112737283,105.96494124540914,131.3683798271433,1,1,25.73791428198744,0.24289084653366444
197,0xa7565c7cdbe6ce5ebafe9ceb7108532aa0c18fff,322.5776222024516,321.8680855368206,6.025395843421371,31.74784577260335,1,2,25.73056756226513,4.270353057444051
198,0x72133eda8b30b05901b63c7ac558d6b2663ad5fc,0.0,314.9729867264736,0.0,25.67342335796054,0,2,25.67342335796054,0.0
199,0xb8db56d8e947e645489ecc747f1a1997da517f49,444.5264082539733,436.4165458073862,3.162856816265018,28.437752261185828,1,2,25.367678370575113,8.020495344626925
200,0xf57104ecbb30a923ff0c97ae772882f0521329a3,281.8168235484659,287.6497236285028,6.025395843421371,31.279176687390333,1,2,25.25378084396896,4.191223531237615
201,0x9e89881183d42cfae3840a0f7b90b8331234fb74,359.54705317640844,410.95643342568377,123.40907184075697,148.49599379862408,3,6,25.08692195786711,0.20328264027654672
202,0xfb292f9d524bb8f1dd3610c6c117bddd1d0a4e88,421.6080047385873,409.05462639749595,21.20794772547217,46.096437929020475,1,1,25.03211029291517,1.1803174270771106
203,0x1b24dec9c8e945b65bbd349c177ae306bb8bdc64,275.78045835576467,248.22,6.025395843421371,30.573995279619258,1,1,24.863911807457352,4.126519228542336
204,0x517f33413bf473786fabb2936a5092594fe5c288,1256.8075501345013,1219.3861053292467,89.56395365934233,113.73210428114402,3,2,24.596280094294006,0.27462253606898906
205,0xfd5fbb6c0afc7cfcd94573cafbb6afa484940764,79.85621079490944,71.65875,3.012820391064448,27.383632398695312,1,2,24.46459712427094,8.12016448004305
206,0xa1f4e5c35b3f9aeab2a424cef7cbdcbc0bf75646,2165.342183413919,2100.8691199027694,395.5263744105669,419.08616372794893,5,3,24.297409652851197,0.06143056752930928
207,0x39caa556c5e024b9c9ebd87ee940e1a585df55b8,505.4207501327638,597.6710531506967,39.64734755441161,63.463931089593906,2,3,23.816583535182296,0.600710640289282
208,0xec5980041095ab2167993e582e3b9477737ca4d3,39.279288675712735,69.2055756466594,19.950004884333126,43.52587995832807,1,2,23.575875073994943,1.1817478346839523
209,0x69c8ded5ca604e099eb642c5adae92295d41b79a,678.2916487632847,658.0955149213578,392.80789059329925,415.83069509264993,2,2,23.253863459610695,0.059199074194991166
210,0x4ef46e53088ce58446c56cd84049e79a9a2c0f1c,308.05932201509427,276.78499999999997,6.025395843421371,28.677777111409515,1,1,23.010183032632924,3.818866615669049
211,0x5ab7f0dd40186b97612f4d89f575568b2d163e9a,221.68644990572426,322.0228841659392,6.025640782128896,29.029223494416918,1,2,23.003582712288022,3.817616008659699
212,0xb403cb0d3979f07b2347d837203459b52cbaa68b,345.08367582768346,444.52500000000003,4.238591690009979,27.0700930863751,1,2,22.83150139636512,5.386577209165284
213,0x70998e671305cdd167f0292229147f2c6fd9ecea,0.0,323.8771791250292,0.0,21.948690246733292,0,2,21.948690246733292,0.0
214,0x9f3135e311c8fe5edfec3932d49e0301f879e6ff,741.8930952149846,757.1493117384535,180.85156701254016,202.51192677234172,6,6,21.660359759801565,0.11976871485055834
215,0xa6cedfff38bfbdb6c59a091d80ad1106356293d8,399.0109496599722,422.1105120072511,30.294101784076116,51.87129646717844,1,2,21.577194683102324,0.7122572848304163
216,0x0ba9c12559e3c21082207fd4c1bb381c734f3960,205.0912624289704,198.98467009014777,113.92156018157335,135.3537783758245,2,1,21.502082203253245,0.1887446254157883
217,0xe089b7680312af32fc7b3ad5782ce2e20b658740,62.04660594284226,60.19916825089413,3.0200516055299955,24.386629198767032,1,2,21.387713669853863,7.081903378965766
218,0xf6082fbbd1d268ef495adcd45e9c80a4a8d2f1dd,1003.763420161511,973.8763643262023,428.01383861463535,448.56569573988946,3,3,20.89378752146703,0.0488156821963854
219,0x115bfdee535da896fed8e111cd36c6a93a18b758,3981.1049841539634,3862.5675832507795,444.2759268749745,463.5986773269723,13,10,20.678907467938632,0.046545190088046265
220,0xda0238b566d1c957d4d28738bee8479e232fbe8c,0.0,88.23874892051496,0.0,20.59053446737562,0,1,20.59053446737562,0.0
221,0x271bce2eac4a530f2706bc9085fc4caa1ceebbe8,779.395504534494,788.5959848094301,49.91633241561198,70.1189345476587,1,2,20.202602132046714,0.4047292970933114
222,0x112cee5b92cc883d902eaf36579cab6788be60e1,4882.475418105725,5011.7129080520435,265.0122837138645,285.1666669323235,9,12,20.154383218458968,0.07605075106714596
223,0xe385515c7fef550f7b24f96fb52a5ceca4b6b524,168.2708126051442,163.260549159826,66.15416418492102,86.0930066131376,3,3,19.996163610149953,0.30226613632748184
224,0x52bc9d6f66315a6b08dec349465c62862aefc4fe,0.0,305.75432357207796,0.0,19.85215658644104,0,2,19.85215658644104,0.0
225,0xb23a94c8bf2a9dc9b75c2fdecbfd3f5a234c7d66,5909.695360592432,5886.364164434622,502.67272048194707,522.1997250021532,13,14,19.79393095117751,0.03937737248243689
226,0x3d0db9d21ffe49bc1d7da86fe874660b63d82180,338.21330333510696,407.05377869092644,4.2385916900099785,23.92410977762758,1,2,19.685518087617602,4.644353485148096
227,0xa689d0db5faf8436df3b91d43d282d44282439e1,513.1322822222854,499.87816984495,30.119158346907675,49.65292287912156,2,3,19.685401545963433,0.6535840516932814
228,0x97be5dfd9b49f23508f835c6f4c88685c848adba,72.96366190986492,70.79116887649869,16.56064769598786,35.61783493501415,2,2,19.082042193216562,1.1522521669149184
229,0x0a3f96c83e268ba356da9c641ad14587df811cbd,46.73715311830501,45.345554384207475,10.430825977986848,29.31734551894523,1,1,18.902440477070034,1.8121710128192754
230,0x7a9c97321160bdd281307cad3e9b9d4c65e2e67c,52.59867392736648,123.46896468362917,3.017027133431873,21.891690615782416,1,4,18.874663482350545,6.256046978563494
231,0xcdfefc369946409e2910d9a2f0de0197dda16c38,0.0,302.4711855851341,0.0,18.85964455287089,0,2,18.85964455287089,0.0
232,0x5b1e7d2936dc5854b2daa1469ce0f2fcfb949013,215.25897915826368,208.84964305382638,26.285404071324578,44.96622204809591,1,1,18.75414560213959,0.7134813507622266
233,0x7192c3b9e7a034b8ba88e6c418d89378c1c5428b,124.01349225611966,111.77026023313422,9.508570028661472,27.951724321753638,1,1,18.583226075325058,1.9543660107997365
234,0x8c7d75b695ab94d3978ff4741e7873ca75b36c8a,170.58361097081422,165.50448395415822,80.81875159233363,99.18888480422956,2,2,18.428242244876323,0.22801938760242374
235,0xb093830052d0b3f7673fb734758ddf324f233357,153.76505298112306,188.80576513880436,9.089180820787012,27.382978805633932,1,2,18.29379798484692,2.012700412231748
236,0x3e8f6019886c708bd282ec082a548dda34e03206,78.3834790706277,109.51880735306133,9.08264233924616,27.257396790345357,1,2,18.174754451099197,2.001042623088433
237,0x8cebb07cdb90c5dbb40a5f131d888ca067cb4d9b,93.92419691246869,91.12760394939995,15.120584460162181,33.14779404294437,2,1,18.05920470954133,1.1943456787084823
238,0xa147a4a0e0e1147e3bb4f59962cbf4954f243fbf,0.0,312.6470525202739,0.0,18.030907645337166,0,2,18.030907645337166,0.0
239,0xbae291b48ee849fc53063e064a9a406a9add7ce8,375.0242127895207,368.46906214754245,3.162856816265018,21.07893870058789,1,2,17.991077737664796,5.688236547777163
240,0xeed7665ae86c7c308504e4041f17299220dc78c2,496.4877670257997,532.1239551560241,75.38547706146198,93.3054817261561,2,3,17.920004664694122,0.23771163045216115
241,0x20a100993bec6323f3479c9299a936ce1030bf9c,0.0,296.2089636156642,0.0,17.76145746602423,0,2,17.76145746602423,0.0
242,0x44eea440b81e8fe02ca5b9c5c49e38b1bf45c658,257.9010168045697,284.7503454060584,129.84600243010698,147.60638405492156,5,4,17.760381624814556,0.1367803497406441
243,0x7baf28f2881ad8b20992d0678eaf824634e9cb5c,331.5461671645396,472.5503498442954,4.2385916900099785,21.822798540817047,1,4,17.58420685080707,4.148596547351244
244,0x78a8ae47e9189140e8780aba463dbf273a1ca170,0.0,59.0471806520662,0.0,17.51731875532277,0,2,17.51731875532277,0.0
245,0xb6be4ecac59fda2d6911aef0ca4a5575f7604df8,0.0,222.38989118556643,0.0,17.29699563327674,0,2,17.29699563327674,0.0
246,0xd3ca36a1548ec8d769216403460a3da3ad87b911,655.668723725969,636.1461874770283,44.77100726436427,61.7197062901301,1,1,17.17205152296277,0.3835529413391367
247,0x585a46bea32f94f03ac437795d7fd73cee5512cc,599.1781730412408,616.4872509778385,84.72934816613497,101.86989756000888,3,4,17.140549393873904,0.20229766621436987
248,0x748a7ebb90986a3f906264495d6037752de210ef,0.0,316.2663528893562,0.0,16.899479431223,0,2,16.899479431223,0.0
249,0x4e5d72ee10480385deee2076474bf844248e4a54,189.88550862558947,184.23166760626253,27.19905197905367,43.967547580691445,1,1,16.833179795039626,0.6188884747896017
250,0x1b8872f89da5b30ff7e8f99e2ce400cd6c243533,0.0,299.29081410921555,0.0,16.610074993717973,0,2,16.610074993717973,0.0
251,0x8899b0fddb51161aaedfdf235c0864504881b2ca,0.0,320.00787282057064,0.0,16.45460735221767,0,2,16.45460735221767,0.0
252,0xc42bbe0f529897d97562985f447b1ddc354d8142,386.17028558609263,421.72499348323703,15.14778598002112,31.56224072271311,1,2,16.41445474269199,1.0836207195125096
253,0x0c427351df74f54cee8f89766233644fc9c7a16d,40.326575197265974,85.17302701238663,4.543063865111227,20.776437122968616,1,2,16.233373257857387,3.5732214513915816
254,0x1d13db6dce4966430d157b1630554e85efa48f36,79.20608313827529,70.92,3.012820391064448,19.08190134400336,1,1,16.16387997583819,5.365032719433829
255,0x8c0c2db3ffd6f3591e4264bf42db53cf3c9fbae2,132.66707888020687,128.71691660654875,10.632010704209346,26.749190105441553,2,2,16.162372228480898,1.52016139544348
256,0x8cb0aae7910fdd325acf967fc071a48c13d1e584,403.90205585094697,397.56487180840105,3.162856816265018,19.158058119304464,1,2,16.067703454555545,5.0801235680120715
257,0x35fab87c62202233d63862d5e30ab7ce60ceda17,318.79023024373043,422.73301172926745,4.2385916900099785,20.153819278332065,1,3,15.915227588322086,3.754838576651062
258,0xb04407d9e27e30670b99fd1d90b06b98b946f17e,338.1474560749424,288.91499999999996,6.025395843421371,21.24102334222646,1,1,15.778883823047995,2.618729828393872
259,0xbcbf588044f819ccedd7b63a88ee601c3c157850,0.0,309.1447048084939,0.0,15.313987736460527,0,2,15.313987736460527,0.0
260,0x581e9dda6694a2fe989584ee4f787a3bf9c2ecd0,0.0,151.24708726351682,0.0,15.285339235547378,0,1,15.285339235547378,0.0
261,0xa279bcb3bc3f600ba8cf8fd40993a145ca622944,216.41798502009544,284.22217694158763,9.039581644820057,24.318337623578905,1,5,15.278755978758852,1.690206093499252
262,0x28eaacfb23737c23b0d202d12e6dc80c02c860c5,464.77732280011764,418.625,36.16421225146389,50.73605763179169,2,1,15.099862663400078,0.4175360590852868
263,0x306841348ff588407708ef4536271a79c13643a7,235.49869527568367,266.63590637139566,35.11766513627423,50.10310129609746,1,2,14.98543615982323,0.4267207430127313
264,0x3b5b4108dee7a26acbff6e4bde6b75751457f67b,325.0743279335867,428.10921440538186,4.2385916900099785,19.222744223584108,1,3,14.984152533574129,3.535172441566046
265,0x6c4805e25037c3fc9ae8e4526d082ec2f7aea37d,286.85840890286363,278.3171997777809,111.47208710546417,126.06363441704966,2,2,14.689265167648985,0.13177527710368797
266,0xa5dcf9a61d758cb2453f73e5f01d05dc8c0e3d75,424.0508098464967,411.4246969833173,51.46809290416038,65.93837918242002,1,1,14.614738505261377,0.2839572574114167
267,0xd84b168fc3083659c46d8d19ddf62fdf71d5dbad,425.77230442310696,413.0949340589089,60.56340056109487,74.88731393366817,1,1,14.468952023936424,0.23890587202646424
268,0xaa9eed3b0957500d82a165f9d005b756e1c2951d,838.6283614807506,813.6582020176612,336.59194773950196,350.6814592258172,2,2,14.375188890130518,0.04270805937774805
269,0x4da204d18fbe1283e6f1b5c82819634d68d35bee,214.38282070254633,193.21787672868746,15.06500500735013,29.185152009316074,1,1,14.362289878757952,0.9533544709577376
270,0x72c729251ad5efb6a798a6449e3eeb82897d2ccb,306.75682683722835,412.43813427991984,4.2385916900099785,18.27294659494766,1,3,14.034354904937679,3.3110891379359635
271,0x99bad06a7215def8463f067b135b9db978472f41,742.7308390144298,723.8210740277177,81.44300140422132,95.09079930823964,3,4,13.864139837122371,0.17023119971121017
272,0x04fdb9e957cbee79dba0ceb33740206549d9fe52,0.0,21.19531690910274,0.0,13.816943277720563,0,1,13.816943277720563,0.0
273,0x4659c29ede194e7f7912a1580dc11c62344d0eaf,251.9850322036387,274.79943561836535,39.758258044014184,53.47384589914647,2,3,13.715587855132284,0.3449745670433677
274,0xa7c83dcf18c093eb7bd832c945ce263a1ba3e358,152.8832873170923,214.03419843234605,16.65064156068844,30.316272323467352,1,2,13.66563076277891,0.8207269799767336
275,0x8c9342d09c6ad08a483d59cda3dd1959312b9160,580.8162,605.811586819141,107.99110572040169,121.36681279675665,4,4,13.37570707635497,0.12385933996255055
276,0x42eba93eb63808c4a881bdad184dd40b8fa6f70a,423.91360920578114,239.11473509470585,7.139155174501385,18.38790224403616,2,1,13.362985172902718,1.871788026212222
277,0xe3918edb148797321d61296557d1609caab4cc75,396.37751727273394,356.57,3.162856816265018,15.865657398106492,1,1,13.158228517879142,4.160235281664614
278,0x5a63ac522df50bd245ca086e79357cb1535c8b19,45.06077954275272,80.41233153211425,3.9837219016762564,16.85321400886189,2,3,12.869492107185632,3.2305197061497823
279,0x1d4f9d616f159179aa2f43077ada3dc9465f8ffb,67.72137793262756,65.01,29.889299296425534,42.716390452384864,1,1,12.858111358681706,0.43019112730486153
280,0xe08d420e8dd41221a44b9bff8bf093a367b84fbd,1730.7886841509533,1679.2544510803586,148.86109514433642,161.08590216011294,5,5,12.814397399970131,0.08608291768608334
281,0xe81b5d8a4988787b908130d0ed16beb0f0e6ba35,391.9354859003827,353.2416550548674,3.012805004516631,15.312827391055663,1,1,12.742708912268029,4.229516644178719
282,0x2017f456097d70fe5714d0387b62ca1a76b8632d,173.5199134454771,168.35335802263805,12.117640713630445,24.526603177223063,1,1,12.4680717432929,1.0289190806976374
283,0x8888882cdff3019b6bbe50cee4db4bb2ad1f7c3c,1515.1125650028403,1470.0000883798807,1277.2808728362868,1289.2142003765173,1,1,12.44944820098857,0.009746836788797867
284,0x518e2b28b4afb1d318b97160b6086790237e3275,0.0,177.65,0.0,12.069460673501093,0,1,12.069460673501093,0.0
285,0xd2553b673fffd25cfcbb345c48c74cc17af1f374,153.94432436753027,147.13466879532024,6.982604039167202,18.86107183918027,3,1,11.956375381164912,1.7123089486527607
286,0xc62f620999ffc0578c84ecb49bf4309e395b8827,420.3134961508042,274.0643057242083,7.139155174501385,17.30123598788899,2,2,11.835281542958999,1.6577986125347952
287,0x2b010aad4f6b5516c2a6692ae06d7fd5afc459e4,47.82507649581572,40.60094923775871,6.66511816207444,18.380206804701963,1,2,11.797738091581325,1.7700718583973938
288,0xe4cfaa9b06da773b471427277b354554d74d61ff,17.13198248215617,57.22354487939768,3.009026993530932,14.795030534446813,1,2,11.78600354091588,3.91688195760771
289,0x3136807d4076b85d340b883493cc0e4b25e9e591,1189.499534206594,1154.0821855755928,415.3261981388443,426.59011942698214,3,3,11.66912239315608,0.028096282982984548
290,0x19678ede1ddda0a09274e01eb07b5783c939d222,231.10144534737015,305.92788004027534,8.477056938149536,19.56989913171007,1,2,11.092842193560534,1.3085723352451613
291,0x279bccc6f8277b1b113c57313dd546e45e02dda9,62.80147623483275,60.93156227994059,29.974287473021555,40.87510537931491,1,1,10.922211128262209,0.3643860137824052
292,0x3469342b7bf2e4ed72c18738e0dff3714350a36c,460.419300055087,543.9002216796283,30.13383384141809,40.95174886506359,1,2,10.8179150236455,0.3589956419277983
293,0xd6a10d44f2843dad7c141d6003d60d989c12d27c,196.46250897030922,203.74454448608773,6.025640782128896,16.765100395607078,1,2,10.739459613478184,1.7822933695831544
294,0x838e934a4a1c4becfd0daad346bc7bd0af0beb71,1035.1447953640418,1004.3233590820774,224.20314957085486,234.58509903983395,2,2,10.734569880230572,0.04787876486471091
295,0x40efa9cfc4ce1922d46eb899d2c4ed49c6a2168e,433.37407289141873,297.7642656285684,7.139155174501385,16.311540420603254,2,2,10.723863430612724,1.5021193920696232
296,0x1e77444d6d6d53133cf1db6acedb99b38dd1e5a6,885.8711234734885,1009.4943107720654,134.09117764384717,144.65713673824195,4,5,10.56595909439477,0.07879682526510791
297,0xbca18343006a6c9103dac000b7b7d7440894c8db,560.9477863999692,575.0975343025659,65.7772772309202,76.0690403632492,2,3,10.291763132328983,0.1564638058245909
298,0xef212d7159a1ffffa07277678d594ec37a651706,67.39107010026628,65.38450098803085,11.197560095860576,21.339929930263075,2,2,10.165326494146969,0.9078162034517506
299,0x49344e94c3f420c27f556a8270cfaa17ea2f7c5d,78.48488741388016,112.16063423579268,6.059598609928119,15.729781177972388,1,3,9.67018256804427,1.5958454000897893
300,0xfd69b07fbf211dda12ed53b7a155840d2ae5dbce,389.06139151258986,349.67500000000007,3.162856816265018,12.367946741268879,1,1,9.655699865625218,3.0528412844902433
301,0x8f8b41486b891630ba45d7575731354353561f8a,1321.5652215235655,1313.4541670064727,747.7986580390054,757.2603331474277,13,4,9.554471672259664,0.012776797028915368
302,0x20af3ae798fbffc9d274c23e4f2ded04d2ca977e,879.4213423449467,920.5616705908021,59.67115589893815,69.19245835836212,2,4,9.521302459423964,0.15956289627688267
303,0xa215bb3ef1f5e071ab5a651d6be4aea1210b4f2e,54.30369148091234,48.94255953945927,3.0130010014700264,12.32237240441515,1,1,9.370706784355457,3.1100908296358156
304,0x688826f9ec9b9d62837fb7268ace2eb1da474ce5,3014.09102224865,5514.091022248649,714.1315937787684,723.3775895547859,12,7,9.245995776017466,0.012947187684405673
305,0xb8be42ec2c2b39297990b40f5b381c469b8f917d,303.65804422935685,294.515,54.490111923449746,63.52601944582968,1,1,9.140510824664483,0.16774622958208454
306,0xb7ad1d4d9801a4a0e10b6da6f509b067a1caacb7,113.1833215775875,102.0092981548402,7.142015112903909,15.989937015631584,1,1,8.97576113444344,1.2567547103374777
307,0x106ef368eea4a2cc04aac17a1609b144ad2b6fef,192.94039458898828,164.8507461503392,6.025640782128896,14.30295559988209,1,1,8.598681521554138,1.4270152889061154
308,0xbc4a0534f342b87e60340bf60142b1c6cd26bf72,182.9244258613946,190.90513800476666,6.025640782128896,14.527811856912804,1,2,8.502171074783908,1.410998660922505
309,0xda62023236e2110d6bd60b868bab65a21d6488df,180.75883139350265,175.3767371887611,72.30575798382887,80.62895624943457,4,4,8.384773471073341,0.11596273526305595
310,0xb0a9e2c00a780d5f49d1d3050917535910efa455,1364.0536860567906,1471.5112438224555,28.7026811611351,36.99258070214239,1,2,8.28989954100729,0.28881969229523546
311,0x3d64e23ed3b94230e553e53fae292fabd572fac0,614.2344128652711,585.09,188.79409573869856,196.64786460708655,9,7,8.187202870496728,0.04336577814291538
312,0x59080b8e150291cd22fbd8b89ef48f6a1222fe85,38.19037939347665,37.05326084703588,17.98467401428694,26.128110943249347,2,1,8.156446420337804,0.45352206072005313
313,0x9a355f38a82848a1b30677892cd6b7ba00b49757,197.51697048244267,191.63590268632794,30.274986321386667,38.22153178356939,1,2,8.013829300803744,0.26470133514619176
314,0x8a802baa8eea786cd41508cc9d834527c86657f1,189.51219179928424,161.92164574582685,6.025640782128896,13.699290815005916,1,1,7.989306630026449,1.3258849836720232
315,0x6efa87120845003beed16c85c7ad2333468c7f4d,499.9091432060343,577.2950000000001,28.724262707477497,36.68794880009641,1,2,7.963686092618911,0.277245970548299
316,0x05cd22b925ade529bdab84a528cf094193e58e75,106.30004526223469,103.13496141455165,57.290489572075195,65.08700222939841,1,1,7.832723596936967,0.1367194390455136
317,0x5ba7489e39e6315a02dcaa3cd87c082388eebba4,461.33043137469605,445.3563240113837,43.95027445966114,51.54789086888182,1,1,7.780372211263643,0.1770267036308203
318,0x7f3d4607bd7f15edc617fd08bc8fca7efd0348e9,200.0819974321964,170.95262315707072,6.025640782128896,13.358235852241954,1,1,7.665857019440301,1.2722061099586335
319,0xc52927cde8cbbc56b3f4b4370297fac4734e616b,233.3615225092127,225.56499999999997,59.943837062660485,67.41028579498862,1,1,7.5556468134421815,0.12604543158530399
320,0xaaf33a7a07206f672b6cb0982af79e37f5730d90,332.50435460132115,322.60403744306683,222.83119787879733,230.0481155332496,1,1,7.330184728573218,0.03289568425943778
321,0x1cf5564bd8d5ab079d280406df6eb678cbbf499d,33.240485120048675,32.250749675599224,14.949823126237114,22.052950475927496,1,1,7.114450667535117,0.47588861804319094
322,0x72b9cf3fac3f540826cd15d40b9facd33e05967e,162.65015615142212,171.70266047754149,3.6152375060528223,10.658563452255692,1,2,7.043325946202869,1.948233258371147
323,0x04fec37491f29de230de6d727cc4dedfb5286bd9,186.17459067611514,159.0699565664888,6.025640782128896,12.737241824952395,1,1,7.021698441890846,1.1653031927684938
324,0x13998662cdce0c876a74babab59e1a62f27af622,822.6065183004295,798.1134092180341,44.584068178361484,51.31450573919754,3,2,7.01065714951614,0.1572457928574294
325,0x523e162c7801be2a6f396cb20246e38dc0ca9ad9,168.09813775882975,163.09301570706057,4.675898823243797,11.524778378102406,2,3,6.906141915383042,1.4769656437074201
326,0x4677c12dfabd061c8feebe7191e7c8aa52a18918,57.179466366822176,55.47694775575003,29.973519214225213,36.73892263708934,1,1,6.784881516204988,0.22636252579193078
327,0xb34e02b1ed0e3456d3bd301ab174c5cd14248efb,513.5687241750211,532.897273287912,45.10400751813407,51.679786468635,2,3,6.575778950500938,0.14579145650987102
328,0x558f5cbcaf112a2d17b1f9b57a750eeafc3de94d,124.99999999999999,156.4221638337939,79.74557108499957,86.0942858857303,1,2,6.348714800730733,0.07961213035848393
329,0x5e28034f6801c256b721cf7d658ea6fa15155332,176.3444115051177,212.28717892557427,19.94688764194366,26.03558805281721,1,2,6.08870041087355,0.30524563632024626
330,0xcd6afab435f4da37d8e5afb7aa0a02f47ed5a096,55.81858355842211,91.23073807841264,10.468209060750835,16.471974161648692,1,2,6.003765100897857,0.5735236147898669
331,0x948e99bd8e3e458fee9afe0fd9fe9469d9f00ee5,416.8680962385554,373.5328340442728,7.139155174501385,12.619024566773152,2,2,5.975657383358352,0.8370258437162639
332,0x9b83873f8add731b05844f696f12c210e3ce67a9,45.07909186827456,43.73686190789668,6.044299913967663,11.99039752252308,1,1,5.9614537287664495,0.9862935019141315
333,0x5aeaa5ec6c4709f1a67027bd85e2b8a3db01f71e,312.2614063116874,302.96382293875695,30.29440072952876,35.639529921045664,1,1,5.451500537829731,0.17995076339358013
334,0x7fc6527e2c1739d69a0c0a368e6cb048a12b5741,78.98062047353791,75.845,30.15076381047591,35.370551351336275,1,1,5.255661397315082,0.1743127116232126
335,0x7ba34fde396c52c524b27cf7e82ecb3c76d0dbbe,203.8024835452547,174.35811973505403,6.025640782128896,10.9039844037935,1,1,5.215209288170433,0.8655028530140603
336,0x59ff9882904c1352512837ebf716b5cbe23e5d31,408.8230570254401,368.46200072060356,7.252100452566513,11.961910688022131,2,1,5.171571074326175,0.7131135466409542
337,0xaab910e75ad4aa97f51eca2fb2f5855096452327,329.9860044934537,320.1606712096611,26.784136865502052,31.79636053412687,1,1,5.12463287082806,0.1913308947218151
338,0xf6b2123e2f2b4df32b4e764f48f8bf278cf2dfd2,121.02124280865611,134.48698572268543,4.519230586596672,9.59422323287755,1,2,5.074992646280878,1.1229771415808054
339,0x7d5af9f18e6c485439f5251edc28f167911c8de0,393.13731172056777,397.5331601054678,35.968735752569934,40.86093828628201,3,4,4.892202533712075,0.13601263517755224
340,0xa81266a80766b35a06a5b160168ab4bfdb4bddc9,0.0,27.030017365196574,0.0,4.813986318502857,0,1,4.813986318502857,0.0
341,0x8adf0e7b808b9291f1b251b52bdd3336a96f58d3,367.5030603023221,352.08893303080384,8.477056938149536,13.035645488788095,1,2,4.734937759281567,0.558559154884615
342,0x6d436334dd703f1c7f43b3425b5f0d21b8a88c7a,450.21705809881945,414.97125293423073,10.979465377819713,15.211777119848064,1,1,4.635550260776394,0.4222018196023416
343,0x4eed71cf8d8e14c0d23214ff64036d355a15ff12,745.4725968800728,723.2761503079686,24.15429524125316,28.534323710575844,1,1,4.633972511611096,0.1918487981258392
344,0x604b59500e85cc1b35f951d93e6a6178e1454bb0,261.39087883822094,279.9021261791109,15.067099723452467,19.627893401677152,1,2,4.560793678224686,0.3026988446307056
345,0x0bb319f5243835395b847cde32d688db668b21c9,40.16188774009674,36.19690537295568,3.013400150171352,7.525340221804111,1,2,4.557302451896792,1.51234559792454
346,0xfe86542ad94e8462e09bcca320ae4f700e887e59,147.44951851642114,143.05920910259465,54.48686866537233,58.963911557308066,2,2,4.527271333493824,0.08308921845551037
347,0x47f5e3dbfd2b4102847487f1a31ae43e6a980b69,63.848871665083905,61.947771511256036,9.081707063039552,13.524883925707204,1,1,4.464926878206847,0.49163960555147906
348,0x2c1611115779c4289ba5cc7327b181d74f3126db,498.24937352090444,479.8320362233527,19.72627217803984,23.884826465347615,1,2,4.369262477302803,0.2214945853868355
349,0x4acdfba64c229c9885d3511f61b66e099f236944,46.29972151267579,44.92114730463587,30.06983161479892,34.14787617524745,1,1,4.093816486186592,0.13614364518661995
350,0x083db17beed92546e9e07d2fc646e97218d1f935,198.397944436437,178.8111073719498,4.820512625703117,8.68453419456061,1,1,4.088109715743647,0.8480653476449215
351,0xec48a769ab3ff09626c29b06b81130c15d886d29,46.00717111647366,44.63730759648067,22.343867549250643,26.388667383665183,3,3,4.060472103330216,0.18172646675335283
352,0x423a45175637f1a892e731616217a5db6830f793,499.86466917503003,465.5209469494022,21.321632928651344,24.762178617537497,1,2,3.833463700373948,0.17979221916078758
353,0x8ce6bf329bd220ee1d543bc26e0fa0a21cd7ef85,54.981978707998636,49.553882860051466,3.013329735218251,6.722451408985637,1,1,3.771223172630227,1.251513609199188
354,0x5331ca4145439a2994e2afbcd944a339d0e42011,356.90207641033703,339.1156076908618,8.477056938149536,11.923423478016534,1,2,3.6498571188651896,0.4305571079084813
355,0xc21c5fbe41bb29595e5cdccec4560216c35a51f2,195.1961829148531,175.9254397565842,4.820512625703117,8.211913516063648,1,1,3.6118726852316416,0.7492714915781008
356,0x1d684b0b3c098dde6610f98da3b22b299a5bb9ba,131.3739935892912,127.46233293017005,14.912856024606597,18.47840105597705,1,1,3.6102973711925457,0.24209295424266564
357,0x19d8d15c696b514992efff7e32d6079d64b044fa,188.08261514064705,169.51415896088668,4.820512625703117,8.06974836205096,1,1,3.461672840008826,0.7181130117886392
358,0x96559973de527d49db160d06966d99361e92b9b4,165.54005496801966,160.61109983134688,89.87954117233019,93.24763843841286,2,1,3.424488219814787,0.03810086450317829
359,0x33db203b912fbb2431c737eab65cceab83c10c63,251.46541102356977,226.63948832026784,6.326922821235341,9.323076414576914,1,1,3.2801808201472937,0.5184480533155664
360,0x2f751849ecd834c67e990d5c47a6df291637e4e2,37.136393553102636,36.030657435059005,23.911108035996104,27.12947297250416,1,1,3.231015389300495,0.13512612566663498
361,0xb6af6c965a6c1bb6498f089bbba8ef30ee9ed8ec,237.4468578521142,214.0049168106642,6.326922821235341,9.228389995183804,1,1,3.169660609677669,0.5009798126569827
362,0x7d1aacc1f66deb7a59d4256df7c2eccc393cfb82,242.3839346121695,218.45458066758306,6.326922821235341,9.202604991599967,1,1,3.1494519762792104,0.49778574281142807
363,0x2a8774ec4bad82543c0319440414d86b50aacb89,63.236341863330146,111.97344418195021,3.0131980229578903,5.914731988844586,1,2,2.901533965886696,0.9629416798297313
364,0x4889b19d71ac76695139a88a0b00ab95b6e213c4,379.0722068159575,367.7853318580124,26.729517142733926,29.35487691171685,1,1,2.754490107134735,0.10305050003058164
365,0xd8b3594f04b81ea36ee31b327f2474dea0db559a,12.051441063763681,11.692609406090117,3.9200066326505216,6.335202528367484,1,1,2.4193011997508607,0.6171676291565468
366,0x9d50e7c5395ca178433dca39a1efec487bed180e,19.565523535475705,8.865,3.0264276960667513,5.313934724853014,1,1,2.409929065681845,0.7962949416613755
367,0x43eaaf6e8c70435551f23eeb2c372814c5b9b85f,60.00000000000001,58.2135,5.886302216185542,7.936488286096591,1,1,2.0706249735019684,0.3517700752449269
368,0x385cb2fcde58730384081c887ca6e94b7df574ff,233.2561800090311,272.96861722966344,15.067103091850736,17.10744385227847,1,2,2.0403407604277355,0.1354169244074054
369,0x4f02c30170801cc0ba3661b91fb83d170b247419,200.41554028461815,171.46050510199794,4.519230586596672,6.182872823446045,1,1,1.9949096158414086,0.44142682645094433
370,0x5d70d5c2ff6a599416ace8da6a08d0516c8d66ac,0.0,30.63341523322271,0.0,1.98610812804736,0,1,1.98610812804736,0.0
371,0x833715cfa7757013cc20ce4b1fca8739de2495b6,25.00962913421012,24.264967426739013,2.9286549918123685,4.906158254972382,1,1,1.9860227531386603,0.6781347610732495
372,0x6c0da56a247c9f96e33104c931e28e0cd9c4cae4,665.3393442510035,645.5288652759299,76.06411059558017,77.78161402714336,2,1,1.944150210103057,0.025559362948970377
373,0xbe723ed78bdf65aeeccf84c51dad2228e0444b40,233.0446942740571,226.105788502047,14.934760968007012,16.772988806504358,1,1,1.9176141391413946,0.12839938605306603
374,0xc8b0e3bc36804b6656e21b36f0a3784729d477b3,200.0,229.32144733702302,7.825806819046323,9.736279602267874,1,2,1.9104727832215511,0.24412470527279986
375,0x26a89957cf3ffad8a07a4ab0ba54dbf103aaaf8b,179.5452096102811,174.19925099413496,59.83802817467229,61.605467942648694,2,2,1.8286015551336767,0.030559188043359876
376,0xc26b4dd7f7a9b5f87087734f248e1844199d5a05,2443.047896322198,2531.5596902171087,224.51274022414907,226.3370335596155,5,10,1.8242933354664288,0.00812556709986743
377,0x503d6b0be18f0bd6586eb4f0ab10b9825d403ff8,4.799627114199779,4.656718216874481,0.9045025704870637,2.5730069273484917,1,1,1.6701393421257529,1.8464727427213423
378,0xc722f559d380d111fa4d8b3a840bba1f5e823c3d,43.19224781048583,39.837072881731075,3.8664780602238986,5.488171046754726,2,2,1.6600787110757422,0.42935164385223773
379,0xd27dbf779aa02f38818aab0b09c2d834dde17873,48.839872085807386,47.385664894452475,10.467405162210401,12.070296563975894,2,1,1.619528625714738,0.15472111766167101
380,0xc8f11b2341e59c6f0f0d0a2baa2c59b0566594f4,77.4829,108.35700655157443,8.30672252596618,9.884586966382653,1,2,1.577864440416473,0.18995030055285816
381,0x1d0bff368798175acb5570faca52002fb4b074d2,103.04742851409695,134.5314335608806,28.58895169461703,30.096702916369104,1,2,1.5077512217520734,0.05273894747375314
382,0xd19d68a85d9b89b0245437be334eb69a6c1024f8,46.00000000000001,88.55356724984938,2.9064431138785567,4.329358265559712,1,2,1.4229151516811553,0.489572682460769
383,0xd26830accb52aeed0933a792dfa9950d0e50f697,175.16506956908842,201.73173627928713,14.983986701180598,16.310104202442567,1,2,1.3261175012619688,0.08850231435119221
384,0xe139ce0164d80cdb7cde1b82d6c3189034569716,378.8613288359596,367.5807327698689,122.91926651329788,124.11551428391579,5,5,1.325306273524672,0.010781924682094447
385,0xb2e5362df4cf69123ed1f31f0b153b77e77a2d72,147.12222203058147,125.8667390027132,6.026393949072029,7.020233378269331,1,1,1.2370181408597907,0.20526672356862305
386,0x9e469f6522aa84d05b7ed0b270d35448d885653b,125.73556026610757,121.99178395918422,52.79723408547446,53.97066986156604,1,1,1.216267392662068,0.023036574050319177
387,0x5299263826633f4a34be84c492207e52d0a5bd5b,453.63516235449714,440.12817539539196,14.4628310526056,15.520469472905875,1,1,1.2121685094471908,0.08381267160199653
388,0x937febbadafd7b0e044f6582682d29e94a2d50a5,781.8642294629923,795.4173667605094,14.502790664346376,15.706782424988173,1,2,1.203991760641797,0.08301793692724857
389,0x0a45eace1442532e42642912085dd8cf3770f82b,156.0,151.3551,15.989349765825168,16.980439087717212,2,2,1.0442304712284363,0.06530787596255615
390,0xe8e94fec84cdbbb1942c58833d7584a0805ae7d9,136.8220763698263,123.31431688021522,4.820512625703117,5.608317265564052,1,1,0.9423435673378431,0.19548617346487987
391,0x3333337ce3a3ae3f900e71b1d584143a55ee2085,51.59351268237902,50.057315842261175,24.69046842724996,25.556291381994964,1,1,0.8833982019388704,0.035778916246234374
392,0x5a5b9a591f950441c965d072d33c87f8dcc42f16,90.26940452334615,81.3575575617788,3.012820391064448,3.7427992196147226,1,1,0.8319370602124679,0.2761323119957176
393,0x961f98af0e943f76e32d69b4033d7c3ce72797dd,170.89715410996607,146.20678776992872,9.039993796301353,9.587981173242088,1,1,0.8304637370014798,0.09186552067560687
394,0x21bf05064b27d737b88b5b78aee21bbd3d499289,226.93371193171993,261.68947340542854,4.360506312585432,5.095879968674294,1,2,0.7353736560888615,0.16864409849984682
395,0x8257fc05aac8bbd34697a9a3e785ca6550970fbc,133.855670448009,120.64076938302931,4.820512625703117,5.367114800898422,1,1,0.6977905820414659,0.14475443510319333
396,0xcdd038774ae8b3d1cf823922091fb1a39fa6e29a,35.89615413127364,34.82734614201497,7.536452902796903,8.127443356687609,1,1,0.6032184211169378,0.08004009696565256
397,0x4d9b19c0c33f67942742e2ed202d7e4bd89467e5,272.071165641288,257.03611013054075,89.8664023089062,90.29247942831417,2,1,0.5980894620154611,0.006655317745552917
398,0x939bedbdf2dc40b0629c5aa4091c1c785f72be9d,97.09598497259495,94.20495202003592,50.823647808906905,51.386504974349506,1,1,0.5959327567079393,0.011725501462401946
399,0x50c998bfddf350d043b896564c2b3ba8d1373d83,84.57832006903624,76.22832542022064,3.012820391064448,3.428462511688744,1,1,0.5111723392707218,0.1696657194656471
400,0x6472bece984a8cce340d14c5858601e2ab8a7ada,29.509146823648855,28.630511976974713,3.029289318044411,3.4925913659282894,1,1,0.47335429133352597,0.15625918875226638
401,0x81125c25235dab6aea0cada845c30b1a85665b90,215.93056913729265,223.81595172183174,8.477056938149536,8.854572505447921,1,2,0.377515567298385,0.04453380106478241
402,0x29fee5438e11dc79f94626e5b5f07de8b2dc2aaa,25.504526113363163,24.625,3.028909649927741,3.341963538202827,1,1,0.3231163284859599,0.1066774403434808
403,0xb6b7ff9c0b93e7fd535ff47f539b470ecabe66cd,223.14833568303106,267.18289029833886,15.066367172549331,15.329579644502745,1,2,0.26321247195341435,0.017470201604603337
404,0xd69afa0fc46243a9da0f62d003bb3eea61bf47af,85.44793179769457,110.46986918787874,6.027366181619808,6.282144936416348,2,2,0.2547787547965399,0.04227032954683866
405,0xa1eb429647126f3ac8230806ace4fe056eebcd5f,64.64076062263338,55.30178673167842,3.0131980229578903,3.1567731122344864,1,1,0.25041997424460477,0.08310770561265048
406,0x44a7856f3030e7e333ab0e256935fc77f30deb0f,7.747036283505286,7.516368278163915,1.8065129447238066,2.049867118737123,1,1,0.24599318947521523,0.13617017812890597
407,0x722961bdf2f1e13b8fa322ac473dcef6050715d7,67.12946432347893,65.13068452324734,5.951421556519489,6.092004696737176,2,2,0.16345068437464894,0.027464141604218367
408,0xaa65a5b7fb24087e82de8b0f3dff4e9b884ee252,27.28291097505159,26.470562300769423,5.9928158055345975,6.1044557072664976,1,1,0.12093378151687902,0.020179792845492095
409,0x8af43cfa11d200b0e18079d950f25c510ead0528,11.466608759177475,11.125190483372966,1.513692462770441,1.625500808525435,1,1,0.11571442760405455,0.07644513694166635
410,0x532aef52f61c1dd177c95bf76d83f062abca394a,161.20091724107084,155.63,2.9005581328692753,2.9209715082296768,1,1,0.08414885837369057,0.029011264218465865
411,0xcb610af6dac76d7808d74781faa911cd0eb508c9,31.634888282392804,30.535,2.9860515046463787,3.032916157053925,1,1,0.059448201562099554,0.01990863234260913
412,0x2c78f936e29d3b2c1bfdde94119918495445e86f,115.73869038759386,148.8033143899276,5.576015224450954,5.61148183731577,1,2,0.03546661286481623,0.00636056600227602
